<?xml version="1.0" encoding="UTF-8"?>
<instant>
  <LastUsedSnapshot name="midi_overload"/>
  <Main x="54" y="34" w="1866" h="1009" current-tab="editor"/>
  <Editor id="49" edit-horizontal-pane-pos="0.77508455514907837" notebook-shrunk="0" edit-vertical-pane-pos="0.9717097282409668" mixer-width="Wide" zoom-focus="ZoomFocusMouse" zoom="1307" grid-type="GridTypeBeatDiv2" snap-mode="SnapMagnetic" internal-grid-type="GridTypeBeat" internal-snap-mode="SnapMagnetic" pre-internal-grid-type="GridTypeBeatDiv2" pre-internal-snap-mode="SnapMagnetic" edit-point="EditAtMouse" visible-track-count="-1" playhead="96000" left-frame="16514145" y-origin="632" maximised="0" follow-playhead="0" stationary-playhead="1" mouse-mode="MouseObject" join-object-range="0" show-editor-mixer="0" show-editor-list="0" editor-list-page="0" show-marker-lines="0" show-touched-automation="0" nudge-clock-value="240000">
    <Window name="Editor" visible="0" x-off="-221" y-off="110" x-size="1866" y-size="787" tabbed="1"/>
    <Buttons>
      <Press/>
      <Release/>
    </Buttons>
    <Selection>
      <MIDINotes region-id="427">
        <note note-id="6217"/>
      </MIDINotes>
      <MIDINotes region-id="8377">
        <note note-id="2823117"/>
      </MIDINotes>
      <MIDINotes region-id="10128">
        <note note-id="2860594"/>
      </MIDINotes>
      <MIDINotes region-id="11867">
        <note note-id="2735657"/>
      </MIDINotes>
      <MIDINotes region-id="17621">
        <note note-id="2785633"/>
      </MIDINotes>
      <MIDINotes region-id="17949">
        <note note-id="2760649"/>
      </MIDINotes>
      <MIDINotes region-id="23951">
        <note note-id="2916776"/>
      </MIDINotes>
    </Selection>
    <RegionList/>
    <EditorLocations clock-mode="Timecode"/>
  </Editor>
  <Mixer mixer-rhs-pane1-pos="0.60000002384185791" mixer-rhs_pane2-pos="0.69999998807907104" mixer-list-hpane-pos="0.058925449848175049" mixer-inner-pane-pos="0.66666668653488159" narrow-strips="0" show-mixer="0" maximised="0" show-mixer-list="0" monitor-section-visible="1" foldback-strip-visible="1" show-vca-pane="1">
    <Window name="Mixer" visible="0" x-off="1127" y-off="37" x-size="581" y-size="1009" tabbed="0"/>
  </Mixer>
  <Preferences>
    <Window name="Preferences" visible="1" x-off="259" y-off="159" x-size="1149" y-size="831" tabbed="0"/>
  </Preferences>
  <Meterbridge show-meterbridge="0">
    <geometry x-size="600" y-size="400" x-pos="1" y-pos="1"/>
  </Meterbridge>
  <Recorder recorder-vpane-pos="0.75">
    <Window name="Recorder" visible="0" x-off="-1" y-off="-1" x-size="-1" y-size="-1" tabbed="1"/>
  </Recorder>
</instant>
